{
  "episode_rewards": [
    12.679710887939468,
    12.670737515744094,
    12.572496305346167,
    12.707984880343455,
    12.771033255359256,
    12.580313633416162,
    12.825539173672555,
    12.452871602923798,
    12.67781141248512,
    12.85747707904026,
    12.833620644396216,
    13.060766425606692,
    12.574748325313607,
    12.808431970664852,
    12.767114591485148,
    12.646657511696821,
    12.822291654429078,
    12.75911056357106,
    12.670730131083788,
    12.514890607015964
  ],
  "episode_lengths": [
    2000,
    2000,
    2000,
    2000,
    2000,
    2000,
    2000,
    2000,
    2000,
    2000,
    2000,
    2000,
    2000,
    2000,
    2000,
    2000,
    2000,
    2000,
    2000,
    2000
  ],
  "avg_reward": 12.712716908576677,
  "reward_std": 0.1364226177737404,
  "avg_length": 2000.0,
  "length_std": 0.0,
  "max_reward": 13.060766425606692,
  "min_reward": 12.452871602923798,
  "num_episodes": 20
}