{
  "episode_rewards": [
    12.412917010982481,
    12.135031440950971,
    12.13620375704891,
    11.754856338292983,
    12.376382087130485,
    11.939257814869105,
    12.178131952067151,
    12.496560597430705,
    11.921581813951347,
    12.07906417181559,
    12.262373435635274,
    12.062926604040525,
    12.29038997502924,
    11.975434094529867,
    12.158466843938747,
    12.31184639801321,
    12.286028169707684,
    12.25543973503944,
    12.143891741086597,
    12.241071845448126
  ],
  "episode_lengths": [
    2000,
    2000,
    2000,
    2000,
    2000,
    2000,
    2000,
    2000,
    2000,
    2000,
    2000,
    2000,
    2000,
    2000,
    2000,
    2000,
    2000,
    2000,
    2000,
    2000
  ],
  "avg_reward": 12.170892791350422,
  "reward_std": 0.17682227258517916,
  "avg_length": 2000.0,
  "length_std": 0.0,
  "max_reward": 12.496560597430705,
  "min_reward": 11.754856338292983,
  "num_episodes": 20
}