{
  "episode_rewards": [
    14.660749803142512,
    14.742973592017456,
    14.951349048787757,
    14.778851379961187,
    14.77785762030169,
    14.768384913480238,
    14.86959010349034,
    14.802348844948876,
    14.94653071657951,
    14.815445481316964,
    14.669238254664217,
    14.971416664617434,
    14.9299947633286,
    14.751370371071333,
    14.799680795563587,
    14.681725554392841,
    14.761962839576158,
    14.82887180124113,
    14.90894787976717,
    14.741712309305756
  ],
  "episode_lengths": [
    2000,
    2000,
    2000,
    2000,
    2000,
    2000,
    2000,
    2000,
    2000,
    2000,
    2000,
    2000,
    2000,
    2000,
    2000,
    2000,
    2000,
    2000,
    2000,
    2000
  ],
  "avg_reward": 14.80795013687774,
  "reward_std": 0.09221238535311767,
  "avg_length": 2000.0,
  "length_std": 0.0,
  "max_reward": 14.971416664617434,
  "min_reward": 14.660749803142512,
  "num_episodes": 20
}