{
  "episode_rewards": [
    15.522727550555299,
    15.268528299410708,
    15.065107319490776,
    15.024650395686853,
    15.465041574172101,
    15.762248902171361,
    15.571477526767927,
    15.582762695853257,
    15.794387918143771,
    15.445215669317907,
    15.558449981202886,
    15.541297590360509,
    15.308645929453107,
    15.459532486309003,
    15.589680546073224,
    15.381643299153406,
    15.397278506230107,
    15.414193575998388,
    15.348202097977321,
    15.52848496930282
  ],
  "episode_lengths": [
    2000,
    2000,
    2000,
    2000,
    2000,
    2000,
    2000,
    2000,
    2000,
    2000,
    2000,
    2000,
    2000,
    2000,
    2000,
    2000,
    2000,
    2000,
    2000,
    2000
  ],
  "avg_reward": 15.451477841681541,
  "reward_std": 0.18720479096708406,
  "avg_length": 2000.0,
  "length_std": 0.0,
  "max_reward": 15.794387918143771,
  "min_reward": 15.024650395686853,
  "num_episodes": 20
}