{
  "episode_rewards": [
    -0.3575262523472002,
    -2.945949730913456,
    -0.36604939837169614,
    -2.939477631552538,
    -2.945070341058941,
    -2.9291857540703288,
    -2.930996249650095,
    -0.3643523204914431,
    -0.3496264866010736,
    -2.9333349098694206,
    -2.9300073995714597,
    -2.933327269626153,
    -2.941668000679531,
    -2.934876647555765,
    -0.3484797671913076,
    -2.92595770634755,
    -2.931149324444535,
    -0.3630501525551669,
    -0.3527221499137882,
    -2.9374396562024176
  ],
  "episode_lengths": [
    2000,
    2000,
    2000,
    2000,
    2000,
    2000,
    2000,
    2000,
    2000,
    2000,
    2000,
    2000,
    2000,
    2000,
    2000,
    2000,
    2000,
    2000,
    2000,
    2000
  ],
  "avg_reward": -2.0330123574506933,
  "reward_std": 1.2295785904223109,
  "avg_length": 2000.0,
  "length_std": 0.0,
  "max_reward": -0.3484797671913076,
  "min_reward": -2.945949730913456,
  "num_episodes": 20
}