{
  "episode_rewards": [
    13.405079651038758,
    13.260032118729194,
    13.567936848522585,
    13.321533704242427,
    13.37940228239709,
    13.450559810805368,
    13.334795127262757,
    13.355358899621853,
    13.150060938217349,
    13.361643840765781,
    13.217598905588492,
    13.450244949654174,
    13.389106115812988,
    13.293176287001927,
    13.442750240265411,
    13.460690332847792,
    13.365576452301209,
    13.333526806357067,
    13.576846539840792,
    13.46446583049905
  ],
  "episode_lengths": [
    2000,
    2000,
    2000,
    2000,
    2000,
    2000,
    2000,
    2000,
    2000,
    2000,
    2000,
    2000,
    2000,
    2000,
    2000,
    2000,
    2000,
    2000,
    2000,
    2000
  ],
  "avg_reward": 13.379019284088603,
  "reward_std": 0.10300687937119105,
  "avg_length": 2000.0,
  "length_std": 0.0,
  "max_reward": 13.576846539840792,
  "min_reward": 13.150060938217349,
  "num_episodes": 20
}