{
  "episode_rewards": [
    -0.9864430372005147,
    -0.9686229244483895,
    -0.9873835440747598,
    -0.9701425064362492,
    -0.9756884088635264,
    -0.9861626314783533,
    -0.9688520749601431,
    -0.9874484627441211,
    -0.9879100015942324,
    -0.987270053292784,
    -0.986867705557393,
    -0.9711609548270613,
    -0.9693687906336143,
    -0.9696419301466325,
    -0.9789370761048062,
    -0.972551742897355,
    -0.969072213183341,
    -0.9871093211492918,
    -0.994389268361031,
    -0.9851199388292452
  ],
  "episode_lengths": [
    7,
    14,
    7,
    14,
    15,
    7,
    14,
    7,
    7,
    7,
    7,
    14,
    14,
    14,
    16,
    15,
    14,
    7,
    8,
    7
  ],
  "avg_reward": -0.9795071293391422,
  "reward_std": 0.008587668419085424,
  "avg_length": 10.75,
  "length_std": 3.686122624113311,
  "max_reward": -0.9686229244483895,
  "min_reward": -0.994389268361031,
  "num_episodes": 20
}