{
  "episode_rewards": [
    15.357534112690583,
    15.39450809201663,
    15.435820695540759,
    15.27325721672001,
    15.437801986697016,
    15.149694673323166,
    15.365851905183519,
    15.387021180861492,
    15.227972508213412,
    15.165621467578438,
    15.343338079295904,
    15.501360219479873,
    15.680928000495673,
    15.419040203630006,
    15.187661902051213,
    15.580804285728748,
    15.224502727411252,
    15.46499031038165,
    15.3057401859789,
    15.404871035017441
  ],
  "episode_lengths": [
    2000,
    2000,
    2000,
    2000,
    2000,
    2000,
    2000,
    2000,
    2000,
    2000,
    2000,
    2000,
    2000,
    2000,
    2000,
    2000,
    2000,
    2000,
    2000,
    2000
  ],
  "avg_reward": 15.365416039414786,
  "reward_std": 0.1341043013963507,
  "avg_length": 2000.0,
  "length_std": 0.0,
  "max_reward": 15.680928000495673,
  "min_reward": 15.149694673323166,
  "num_episodes": 20
}