{
  "episode_rewards": [
    14.283245672679266,
    13.917219573641553,
    14.027338094128588,
    13.948697777372441,
    14.046949179573124,
    13.872491824335603,
    13.993919338586304,
    14.067018571299696,
    14.047219266847854,
    14.014505782679812,
    13.801934906282582,
    14.168034421294657,
    13.697554330776924,
    14.064369385558283,
    13.939873787578247,
    13.818871120411005,
    14.087947462328835,
    14.11346654953186,
    13.950915695313533,
    13.789249454528113
  ],
  "episode_lengths": [
    2000,
    2000,
    2000,
    2000,
    2000,
    2000,
    2000,
    2000,
    2000,
    2000,
    2000,
    2000,
    2000,
    2000,
    2000,
    2000,
    2000,
    2000,
    2000,
    2000
  ],
  "avg_reward": 13.982541109737411,
  "reward_std": 0.1372469124656466,
  "avg_length": 2000.0,
  "length_std": 0.0,
  "max_reward": 14.283245672679266,
  "min_reward": 13.697554330776924,
  "num_episodes": 20
}