{
  "episode_rewards": [
    -0.9822876911803021,
    -0.9912806779385077,
    -0.9910790978999279,
    -0.983207306687646,
    -0.9834383889622884,
    -0.9914716536500676,
    -0.9829615599342678,
    -0.9829317158201314,
    -0.9827444699821237,
    -0.9912533747650606,
    -0.9839768602760793,
    -0.9916767314158024,
    -0.9828716057666551,
    -0.9984507062318214,
    -0.9922341694192295,
    -0.9827430502470945,
    -0.9920193395638752,
    -0.9842504876491279,
    -0.9913927408180662,
    -0.9913253415386117
  ],
  "episode_lengths": [
    7,
    5,
    5,
    7,
    7,
    5,
    7,
    7,
    7,
    5,
    7,
    5,
    7,
    6,
    5,
    7,
    5,
    7,
    5,
    5
  ],
  "avg_reward": -0.9876798484873344,
  "reward_std": 0.004793230434634616,
  "avg_length": 6.05,
  "length_std": 0.9733961166965892,
  "max_reward": -0.9822876911803021,
  "min_reward": -0.9984507062318214,
  "num_episodes": 20
}