{
  "episode_rewards": [
    27.868466934456823,
    27.79155871171094,
    27.721672735909536,
    27.7731951301822,
    27.788157412636878,
    27.713655281693953,
    27.790281607089,
    27.763663421830262,
    27.72479250307564,
    27.744755360705653,
    27.752673160437816,
    27.806580237132884,
    27.78650809565683,
    27.737039542876943,
    27.768337224140215,
    27.747630102339688,
    27.81992034410926,
    27.730902243900747,
    27.817464818707045,
    27.74077162265824
  ],
  "episode_lengths": [
    2000,
    2000,
    2000,
    2000,
    2000,
    2000,
    2000,
    2000,
    2000,
    2000,
    2000,
    2000,
    2000,
    2000,
    2000,
    2000,
    2000,
    2000,
    2000,
    2000
  ],
  "avg_reward": 27.76940132456253,
  "reward_std": 0.03857739375356097,
  "avg_length": 2000.0,
  "length_std": 0.0,
  "max_reward": 27.868466934456823,
  "min_reward": 27.713655281693953,
  "num_episodes": 20
}