{
  "episode_rewards": [
    25.912899816982385,
    25.916004238293898,
    25.754147372791742,
    25.742353035553624,
    25.883157280186705,
    25.850483242660363,
    25.71005979666634,
    25.83487003226743,
    25.898610891121848,
    25.85477713500581,
    25.936439786475898,
    25.83315781925344,
    25.85272843008959,
    25.889971964573398,
    20.284845333781707,
    -1.1102230246251173e-14,
    0.0,
    0.0,
    -1.1102230246251173e-14,
    0.0
  ],
  "episode_lengths": [
    2000,
    2000,
    2000,
    2000,
    2000,
    2000,
    2000,
    2000,
    2000,
    2000,
    2000,
    2000,
    2000,
    2000,
    2000,
    2000,
    2000,
    2000,
    2000,
    2000
  ],
  "avg_reward": 19.10772530878521,
  "reward_std": 11.097251536118142,
  "avg_length": 2000.0,
  "length_std": 0.0,
  "max_reward": 25.936439786475898,
  "min_reward": -1.1102230246251173e-14,
  "num_episodes": 20
}